Episode No.,Run0steps,Run1steps,Run2steps,Run3steps,
0,24,9,12,22,
1,33,8,12,25,
2,16,9,10,24,
3,24,12,14,21,
4,10,10,11,22,
5,9,11,11,20,
6,12,10,12,17,
7,11,10,12,34,
8,12,8,9,23,
9,10,10,15,26,
10,13,17,14,27,
11,9,13,14,32,
12,27,18,12,10,
13,10,10,10,25,
14,12,11,11,24,
15,13,9,15,19,
16,18,9,12,23,
17,12,11,13,20,
18,10,10,10,9,
19,14,11,14,37,
20,25,11,17,28,
21,9,13,12,19,
22,14,9,11,27,
23,20,8,12,22,
24,16,11,13,25,
25,16,25,13,29,
26,8,26,13,27,
27,10,26,16,26,
28,11,22,10,23,
29,29,19,10,24,
30,30,19,16,28,
31,12,8,13,12,
32,10,35,17,26,
33,45,13,12,21,
34,22,23,12,26,
35,58,17,13,32,
36,10,22,20,10,
37,26,21,13,37,
38,19,28,11,22,
39,42,27,14,20,
40,25,11,12,13,
41,28,17,12,25,
42,28,13,12,17,
43,20,30,9,21,
44,12,17,13,16,
45,10,10,16,25,
46,21,14,12,25,
47,23,29,9,35,
48,49,20,15,42,
49,18,15,16,37,
50,28,11,22,40,
51,27,12,9,68,
52,26,17,15,18,
53,23,16,14,22,
54,24,12,13,32,
55,21,11,11,56,
56,21,17,14,22,
57,39,10,19,32,
58,25,21,12,25,
59,23,22,13,64,
60,35,20,27,36,
61,21,36,30,55,
62,25,32,24,49,
63,27,34,30,28,
64,27,24,23,17,
65,25,23,22,200,
66,32,28,13,28,
67,34,28,15,35,
68,48,25,19,38,
69,47,30,28,129,
70,63,18,20,38,
71,23,27,23,37,
72,23,24,19,25,
73,23,23,17,22,
74,49,25,37,25,
75,24,26,22,24,
76,46,37,24,20,
77,77,29,15,24,
78,24,44,10,44,
79,26,25,50,45,
80,32,15,26,23,
81,25,27,16,18,
82,19,22,14,33,
83,17,29,26,29,
84,62,22,27,27,
85,31,16,26,21,
86,57,28,29,17,
87,27,26,22,24,
88,24,21,38,31,
89,40,20,20,51,
90,24,28,23,23,
91,42,20,9,28,
92,19,17,21,39,
93,39,17,12,26,
94,29,16,20,45,
95,12,74,12,170,
96,29,13,28,47,
97,53,12,30,129,
98,117,18,20,20,
99,13,25,27,23,
100,20,18,20,25,
101,73,21,26,22,
102,35,32,16,19,
103,31,27,14,22,
104,56,31,20,26,
105,23,24,16,33,
106,19,52,19,29,
107,27,18,10,22,
108,17,9,21,41,
109,19,36,24,22,
110,200,29,14,31,
111,28,23,46,36,
112,24,32,14,18,
113,200,41,21,42,
114,19,23,18,31,
115,21,21,18,21,
116,17,33,23,30,
117,71,24,20,19,
118,34,44,26,25,
119,26,28,21,29,
120,23,28,28,21,
121,23,28,75,18,
122,21,22,21,30,
123,25,20,58,21,
124,23,18,32,46,
125,20,19,16,22,
126,35,18,18,20,
127,21,15,25,50,
128,30,16,12,30,
129,32,23,25,35,
130,27,24,14,200,
131,24,20,25,200,
132,24,23,9,49,
133,19,28,15,107,
134,14,30,14,28,
135,10,22,11,21,
136,31,16,9,44,
137,20,14,20,31,
138,31,25,21,17,
139,24,20,18,34,
140,26,24,25,133,
141,19,14,20,29,
142,44,26,18,200,
143,24,28,11,67,
144,24,22,16,41,
145,31,23,27,121,
146,25,23,19,108,
147,26,25,24,27,
148,19,23,30,25,
149,14,28,34,17,
150,30,22,24,39,
151,26,43,26,29,
152,27,26,37,22,
153,24,28,26,43,
154,24,26,30,27,
155,12,24,35,84,
156,19,17,28,18,
157,16,26,24,37,
158,28,24,22,24,
159,10,23,13,200,
160,25,27,33,67,
161,43,23,27,200,
162,34,41,17,200,
163,30,25,29,200,
164,19,19,21,200,
165,14,22,23,70,
166,20,17,36,200,
167,12,43,22,129,
168,21,24,62,62,
169,23,27,31,42,
170,43,21,23,200,
171,46,17,20,17,
172,29,19,26,83,
173,20,22,33,176,
174,21,26,25,27,
175,24,23,42,200,
176,24,19,25,200,
177,28,23,30,200,
178,24,22,26,200,
179,20,40,17,138,
180,22,39,16,43,
181,15,14,20,127,
182,11,25,25,199,
183,24,14,17,55,
184,18,19,11,50,
185,27,14,28,25,
186,22,40,18,51,
187,21,21,24,46,
188,27,27,17,39,
189,20,47,20,36,
190,31,26,23,29,
191,32,19,26,42,
192,32,18,38,86,
193,23,9,32,98,
194,29,29,38,16,
195,23,16,20,122,
196,17,22,22,74,
197,23,24,22,200,
198,24,21,29,114,
199,30,17,19,129,
200,28,12,19,150,
201,23,16,44,39,
202,40,32,24,12,
203,18,46,25,12,
204,43,30,21,16,
205,45,24,23,19,
206,22,34,29,29,
207,16,28,30,200,
208,20,18,25,118,
209,27,16,43,32,
210,35,19,23,65,
211,15,27,15,25,
212,21,21,17,17,
213,27,22,32,17,
214,24,29,25,18,
215,17,24,28,18,
216,17,26,26,12,
217,21,27,21,20,
218,19,26,13,85,
219,31,30,23,18,
220,15,37,32,58,
221,32,24,26,55,
222,25,29,26,14,
223,18,46,26,20,
224,21,14,28,67,
225,22,31,22,200,
226,23,27,30,39,
227,21,24,33,55,
228,26,24,20,144,
229,32,12,27,137,
230,24,17,30,200,
231,25,30,38,20,
232,25,27,25,106,
233,25,30,21,200,
234,20,54,25,200,
235,35,35,29,200,
236,22,19,45,200,
237,30,25,17,200,
238,26,93,23,200,
239,30,38,41,23,
240,22,30,18,27,
241,35,23,24,22,
242,21,52,18,49,
243,39,24,22,19,
244,26,28,18,15,
245,23,19,23,13,
246,33,43,25,10,
247,19,10,31,78,
248,28,62,24,25,
249,40,29,21,50,
250,21,14,28,37,
251,27,25,30,18,
252,26,19,32,40,
253,22,25,24,130,
254,31,23,20,200,
255,19,22,32,63,
256,23,24,39,33,
257,51,15,21,200,
258,17,26,30,13,
259,22,23,26,150,
260,12,16,17,22,
261,20,24,22,200,
262,21,27,16,93,
263,20,31,20,135,
264,23,23,27,94,
265,23,22,25,117,
266,23,23,25,16,
267,29,19,24,200,
268,23,30,23,17,
269,27,15,22,200,
270,26,29,32,200,
271,34,21,20,76,
272,28,16,31,200,
273,33,25,26,200,
274,21,10,19,200,
275,22,24,29,200,
276,24,29,12,200,
277,21,26,25,200,
278,23,22,27,200,
279,21,27,19,200,
280,27,28,25,200,
281,23,25,25,200,
282,22,33,22,200,
283,19,21,16,200,
284,26,22,9,65,
285,23,28,23,50,
286,26,12,33,200,
287,22,47,19,94,
288,19,19,18,104,
289,28,30,32,200,
290,34,23,29,78,
291,25,13,46,200,
292,14,24,17,62,
293,22,28,32,31,
294,34,34,14,29,
295,37,23,32,25,
296,34,21,23,200,
297,32,19,43,70,
298,24,11,26,19,
299,23,21,25,13,
300,29,21,41,33,
301,18,21,35,13,
302,37,29,29,178,
303,25,33,29,18,
304,33,21,25,15,
305,56,22,23,30,
306,86,24,22,13,
307,22,25,21,23,
308,29,24,21,200,
309,18,28,28,138,
310,13,21,31,39,
311,25,23,18,31,
312,40,18,19,50,
313,23,34,34,49,
314,200,28,31,150,
315,200,36,34,28,
316,200,9,29,200,
317,33,25,19,200,
318,40,10,21,200,
319,23,24,29,200,
320,200,36,26,200,
321,30,68,28,200,
322,25,26,19,200,
323,99,32,34,52,
324,24,33,15,200,
325,16,24,43,200,
326,16,27,25,121,
327,15,31,26,102,
328,85,33,20,141,
329,27,19,28,56,
330,83,26,26,55,
331,27,23,30,200,
332,14,19,31,26,
333,12,29,19,200,
334,18,38,30,27,
335,47,27,25,200,
336,35,16,45,200,
337,23,23,27,200,
338,37,31,27,200,
339,23,29,47,200,
340,25,33,70,200,
341,25,27,41,200,
342,43,22,24,200,
343,95,17,30,200,
344,21,27,31,200,
345,20,34,32,200,
346,26,18,26,49,
347,25,12,35,110,
348,24,68,21,70,
349,15,21,25,31,
350,200,14,35,59,
351,23,23,36,151,
352,22,18,17,41,
353,24,21,21,81,
354,27,60,35,14,
355,33,34,30,79,
356,19,27,18,69,
357,25,22,23,141,
358,26,20,37,32,
359,17,18,24,152,
360,19,11,21,200,
361,24,30,13,200,
362,22,52,21,200,
363,10,56,27,200,
364,37,31,23,23,
365,29,33,27,64,
366,24,20,39,200,
367,23,22,21,20,
368,12,19,27,20,
369,16,46,22,42,
370,16,38,21,13,
371,27,27,21,23,
372,14,17,30,13,
373,52,200,33,184,
374,21,52,18,124,
375,86,200,34,41,
376,24,200,29,114,
377,20,200,20,196,
378,18,200,15,108,
379,20,200,28,48,
380,29,200,33,70,
381,200,200,17,200,
382,43,200,27,200,
383,25,200,22,160,
384,19,178,45,23,
385,22,200,27,12,
386,19,200,21,16,
387,26,25,19,200,
388,22,46,62,35,
389,28,199,27,57,
390,24,79,30,57,
391,31,200,23,65,
392,23,200,27,27,
393,36,138,78,24,
394,22,200,58,68,
395,25,200,23,25,
396,32,43,51,46,
397,18,21,26,31,
398,15,200,23,14,
399,24,200,29,16,
400,15,50,19,12,
401,21,151,31,12,
402,55,200,38,16,
403,23,200,18,24,
404,21,113,31,19,
405,200,200,200,91,
406,21,200,28,54,
407,141,139,30,21,
408,58,33,26,88,
409,25,154,30,85,
410,25,200,200,29,
411,19,82,31,35,
412,26,200,192,200,
413,91,14,38,146,
414,32,68,60,11,
415,123,10,18,200,
416,21,142,200,21,
417,200,200,200,34,
418,104,138,139,200,
419,21,200,16,200,
420,11,200,41,200,
421,18,42,35,200,
422,33,200,31,200,
423,23,200,200,200,
424,30,72,20,200,
425,23,200,26,200,
426,40,200,38,200,
427,67,200,23,200,
428,49,200,200,200,
429,31,122,22,200,
430,117,105,34,200,
431,200,200,38,200,
432,35,142,37,200,
433,25,57,27,200,
434,22,50,27,200,
435,23,39,23,156,
436,26,23,44,200,
437,23,39,35,37,
438,19,16,24,102,
439,17,10,31,200,
440,30,20,46,64,
441,24,77,29,162,
442,20,54,36,69,
443,19,21,19,57,
444,38,90,35,200,
445,37,200,32,200,
446,26,200,20,89,
447,63,200,200,18,
448,26,200,29,18,
449,106,200,44,17,
450,20,57,43,12,
451,200,25,36,53,
452,28,19,27,20,
453,20,200,40,28,
454,200,200,21,15,
455,38,200,56,24,
456,200,200,35,19,
457,38,200,20,15,
458,86,200,22,10,
459,16,200,20,87,
460,27,200,91,120,
461,41,200,102,180,
462,24,200,200,69,
463,54,200,24,147,
464,25,88,135,52,
465,25,29,23,11,
466,121,46,19,52,
467,28,14,26,29,
468,28,31,24,85,
469,42,103,25,146,
470,28,52,52,200,
471,28,37,44,200,
472,47,70,200,104,
473,39,119,200,200,
474,31,138,24,66,
475,31,200,39,15,
476,29,77,19,21,
477,76,51,200,200,
478,21,40,200,131,
479,32,35,78,31,
480,40,67,44,25,
481,32,27,21,84,
482,22,200,58,15,
483,38,200,200,22,
484,29,22,94,127,
485,22,168,48,200,
486,27,68,25,200,
487,27,23,200,185,
488,56,31,200,168,
489,24,200,200,45,
490,18,200,200,40,
491,72,200,200,18,
492,21,75,118,200,
493,97,52,200,71,
494,30,119,200,127,
495,26,76,200,200,
496,30,122,200,200,
497,32,19,142,43,
498,20,56,40,200,
499,200,36,200,19,
500,43,200,200,12,
501,11,152,200,10,
502,75,200,99,200,
503,76,200,200,30,
504,8,24,200,25,
505,14,200,200,13,
506,60,200,200,95,
507,35,200,200,119,
508,65,200,200,48,
509,114,200,200,19,
510,200,200,200,28,
511,68,200,200,195,
512,166,31,200,122,
513,200,200,200,60,
514,81,200,200,200,
515,52,59,200,58,
516,88,200,200,47,
517,52,200,200,200,
518,149,200,200,200,
519,32,200,200,43,
520,20,200,200,19,
521,200,200,141,27,
522,200,200,200,59,
523,200,127,200,66,
524,200,141,200,56,
525,200,175,200,22,
526,200,18,200,12,
527,200,200,200,30,
528,200,152,200,19,
529,200,200,200,40,
530,84,200,200,70,
531,183,108,200,142,
532,58,200,200,67,
533,46,200,200,32,
534,91,200,188,25,
535,200,200,78,34,
536,27,200,60,32,
537,82,200,42,30,
538,20,200,200,31,
539,200,200,62,85,
540,200,200,79,15,
541,29,200,136,20,
542,143,113,43,16,
543,75,200,31,60,
544,22,11,30,35,
545,37,86,48,78,
546,10,26,88,186,
547,200,24,14,13,
548,61,200,18,124,
549,23,200,17,100,
550,176,200,20,200,
551,200,200,34,76,
552,200,200,64,43,
553,200,200,200,200,
554,200,200,200,200,
555,200,200,200,200,
556,200,200,200,200,
557,200,137,200,200,
558,200,79,200,200,
559,105,200,200,36,
560,200,147,200,95,
561,200,93,200,200,
562,200,93,133,200,
563,200,67,200,200,
564,200,32,28,200,
565,200,116,13,200,
566,200,25,200,200,
567,200,35,200,200,
568,200,39,200,200,
569,52,27,200,200,
570,200,66,200,200,
571,200,21,200,200,
572,200,18,82,200,
573,200,12,200,135,
574,200,185,200,138,
575,200,200,200,131,
576,200,200,200,200,
577,152,200,200,170,
578,121,200,27,200,
579,33,107,26,95,
580,84,119,26,63,
581,66,32,149,200,
582,36,25,51,200,
583,10,18,200,14,
584,71,200,132,126,
585,30,200,43,64,
586,10,200,200,42,
587,50,200,200,63,
588,29,200,200,30,
589,148,200,200,14,
590,200,200,63,13,
591,25,200,100,200,
592,22,200,30,59,
593,19,200,171,73,
594,41,186,110,200,
595,53,200,79,200,
596,94,200,138,38,
597,72,40,43,114,
598,38,148,37,85,
599,47,47,72,23,
600,92,200,18,59,
601,119,69,17,200,
602,83,46,200,91,
603,200,73,117,200,
604,200,40,200,200,
605,200,200,39,200,
606,200,200,64,93,
607,200,63,200,53,
608,200,181,24,69,
609,200,18,112,20,
610,200,71,200,52,
611,200,35,200,35,
612,200,62,200,76,
613,200,85,200,200,
614,200,25,200,55,
615,200,186,200,200,
616,200,21,200,200,
617,73,200,200,200,
618,200,200,200,200,
619,171,107,30,200,
620,200,62,54,200,
621,200,31,200,200,
622,200,14,200,200,
623,200,200,200,200,
624,200,200,200,105,
625,200,29,200,89,
626,200,149,25,200,
627,200,200,200,84,
628,200,17,200,31,
629,200,103,200,200,
630,62,63,200,200,
631,200,200,145,45,
632,200,194,29,200,
633,200,16,200,36,
634,200,200,65,200,
635,84,73,37,145,
636,200,88,47,200,
637,200,200,14,114,
638,200,40,25,130,
639,182,153,16,200,
640,200,40,129,200,
641,197,24,11,200,
642,14,37,74,200,
643,13,113,200,200,
644,45,96,200,200,
645,200,33,167,200,
646,155,200,25,111,
647,19,61,200,200,
648,26,200,200,200,
649,164,165,200,200,
650,10,200,200,86,
651,174,45,200,200,
652,133,25,200,200,
653,63,26,70,200,
654,29,66,27,42,
655,200,48,200,10,
656,28,104,70,108,
657,200,66,200,188,
658,200,18,200,40,
659,32,200,200,12,
660,25,10,200,149,
661,30,79,200,92,
662,30,70,200,200,
663,13,200,148,178,
664,50,21,200,28,
665,39,167,200,34,
666,200,200,74,42,
667,27,157,58,42,
668,60,50,50,20,
669,200,200,42,87,
670,200,38,82,200,
671,200,47,22,95,
672,52,81,15,200,
673,139,41,15,200,
674,20,200,200,45,
675,12,200,200,66,
676,41,65,87,113,
677,200,25,27,189,
678,200,75,200,68,
679,30,127,20,141,
680,22,139,28,187,
681,29,138,171,105,
682,44,45,200,200,
683,200,84,95,200,
684,18,70,151,200,
685,200,200,64,200,
686,200,28,34,200,
687,200,104,200,200,
688,37,200,34,200,
689,61,117,200,200,
690,109,17,200,86,
691,137,26,106,115,
692,34,100,190,200,
693,53,188,17,200,
694,14,200,200,200,
695,10,200,200,200,
696,13,75,34,200,
697,53,200,12,200,
698,119,117,100,200,
699,47,82,200,200,
700,33,54,106,200,
701,200,38,136,200,
702,200,200,200,200,
703,200,118,200,200,
704,194,65,200,200,
705,21,200,200,200,
706,200,200,200,200,
707,19,200,80,200,
708,24,33,40,200,
709,12,9,200,200,
710,17,185,70,200,
711,61,200,200,200,
712,200,196,111,200,
713,82,200,60,200,
714,200,26,200,200,
715,20,200,16,29,
716,109,137,13,154,
717,91,43,200,77,
718,72,133,21,22,
719,16,109,127,14,
720,11,30,34,13,
721,88,77,79,36,
722,147,60,109,27,
723,60,39,28,40,
724,21,21,74,165,
725,30,12,45,200,
726,27,15,153,200,
727,200,32,42,200,
728,59,14,37,200,
729,129,13,20,200,
730,110,11,48,200,
731,11,13,53,200,
732,200,42,56,200,
733,200,120,105,200,
734,200,200,26,200,
735,200,200,16,200,
736,200,200,70,200,
737,200,200,76,65,
738,200,200,99,50,
739,200,200,10,48,
740,200,200,22,155,
741,200,200,14,87,
742,200,200,33,28,
743,200,200,122,87,
744,200,157,60,200,
745,200,200,91,200,
746,200,200,185,200,
747,135,200,104,200,
748,190,200,188,200,
749,200,77,61,200,
750,200,13,200,200,
751,200,36,45,200,
752,103,200,90,200,
753,200,32,157,200,
754,200,81,75,48,
755,200,23,11,10,
756,135,200,200,200,
757,19,25,31,200,
758,17,75,154,63,
759,19,200,200,200,
760,20,84,200,48,
761,28,129,200,200,
762,151,26,200,166,
763,200,65,192,15,
764,200,200,200,71,
765,200,25,200,38,
766,200,169,200,50,
767,200,200,200,13,
768,200,200,200,200,
769,20,200,200,200,
770,200,60,81,200,
771,192,15,200,200,
772,29,200,200,200,
773,200,200,200,200,
774,51,55,200,200,
775,23,34,200,200,
776,200,162,200,200,
777,91,33,200,200,
778,38,85,200,200,
779,200,48,200,200,
780,40,200,200,200,
781,29,200,200,200,
782,23,200,200,200,
783,43,200,200,200,
784,27,24,200,200,
785,22,10,200,200,
786,29,200,200,200,
787,71,156,200,200,
788,88,200,200,200,
789,173,40,200,200,
790,21,11,200,200,
791,200,105,200,200,
792,156,200,155,200,
793,140,200,200,200,
794,56,63,33,200,
795,200,29,27,200,
796,200,33,200,200,
797,200,200,42,200,
798,186,200,23,200,
799,200,43,28,200,
800,200,200,29,200,
801,59,200,200,200,
802,200,200,48,200,
803,200,47,59,200,
804,200,19,12,200,
805,170,18,20,200,
806,200,34,74,200,
807,200,115,66,200,
808,200,38,26,200,
809,200,172,19,200,
810,200,27,15,200,
811,200,103,11,200,
812,200,93,200,200,
813,22,12,200,200,
814,17,112,140,200,
815,14,69,200,181,
816,200,28,54,200,
817,85,200,30,200,
818,29,200,47,200,
819,200,200,22,200,
820,200,200,32,200,
821,200,200,27,200,
822,200,155,24,200,
823,200,200,99,200,
824,200,200,45,200,
825,200,200,42,200,
826,200,200,43,200,
827,200,200,183,29,
828,41,200,200,17,
829,16,200,138,88,
830,200,200,84,19,
831,159,200,21,18,
832,82,200,200,17,
833,76,200,200,35,
834,198,200,12,82,
835,200,200,53,123,
836,18,200,111,16,
837,55,200,200,38,
838,22,200,200,38,
839,200,200,200,200,
840,200,200,200,70,
841,200,200,200,57,
842,200,200,200,200,
843,200,200,200,38,
844,200,200,200,200,
845,200,200,85,200,
846,200,200,200,200,
847,122,200,103,200,
848,10,200,200,200,
849,151,200,200,200,
850,88,200,200,200,
851,144,60,200,200,
852,200,200,200,200,
853,20,200,200,200,
854,40,200,200,200,
855,185,200,200,92,
856,38,200,200,200,
857,106,200,200,200,
858,61,200,200,200,
859,200,200,200,200,
860,200,200,200,200,
861,200,200,200,43,
862,200,200,200,200,
863,200,200,200,200,
864,200,200,200,200,
865,200,200,200,200,
866,192,200,200,200,
867,149,200,200,200,
868,49,200,200,200,
869,18,200,200,200,
870,83,200,200,200,
871,62,200,32,200,
872,143,200,14,200,
873,61,200,10,200,
874,102,200,72,200,
875,18,200,19,200,
876,116,200,11,200,
877,127,200,119,200,
878,124,200,30,190,
879,17,200,48,25,
880,200,200,92,136,
881,200,200,129,67,
882,200,200,49,75,
883,200,200,200,15,
884,200,200,200,22,
885,200,200,200,17,
886,200,200,67,82,
887,200,200,100,84,
888,200,200,200,200,
889,200,200,200,200,
890,196,200,200,107,
891,23,200,60,13,
892,9,200,200,25,
893,37,200,200,36,
894,28,200,200,73,
895,10,200,200,125,
896,18,200,200,38,
897,200,200,200,45,
898,105,200,47,18,
899,195,200,11,23,
900,65,200,200,33,
901,26,200,200,47,
902,75,200,200,200,
903,24,200,101,200,
904,48,200,22,200,
905,170,200,200,200,
906,200,200,200,200,
907,200,200,200,200,
908,35,200,200,200,
909,81,200,200,24,
910,125,145,200,26,
911,22,17,200,200,
912,78,13,200,19,
913,21,35,200,30,
914,24,65,200,31,
915,13,200,200,33,
916,14,79,200,41,
917,25,28,200,108,
918,11,26,200,41,
919,13,44,200,200,
920,82,11,200,200,
921,176,13,200,150,
922,82,12,200,200,
923,200,58,200,200,
924,73,88,200,200,
925,200,10,200,200,
926,44,24,200,200,
927,94,11,200,191,
928,65,39,200,200,
929,113,29,200,200,
930,32,15,200,200,
931,77,55,200,200,
932,77,15,200,200,
933,34,34,76,200,
934,200,200,54,200,
935,16,200,200,200,
936,29,200,200,200,
937,14,32,33,200,
938,47,200,12,200,
939,43,200,36,200,
940,49,200,58,200,
941,50,200,48,200,
942,200,200,16,200,
943,200,200,200,200,
944,200,70,200,200,
945,200,11,200,200,
946,200,73,17,200,
947,200,12,123,200,
948,200,88,24,200,
949,200,12,11,200,
950,200,58,30,200,
951,113,78,106,200,
952,104,96,50,200,
953,10,18,36,200,
954,200,12,133,200,
955,200,14,77,200,
956,200,120,200,200,
957,200,96,21,200,
958,94,113,57,200,
959,17,103,200,200,
960,40,21,200,200,
961,200,34,200,200,
962,200,132,200,200,
963,200,47,200,200,
964,200,60,200,200,
965,200,132,200,200,
966,200,25,200,153,
967,200,200,200,200,
968,200,200,200,152,
969,200,65,200,27,
970,200,182,200,103,
971,200,17,200,14,
972,200,48,200,78,
973,200,66,200,11,
974,54,103,200,32,
975,200,200,200,200,
976,200,92,200,200,
977,66,200,200,200,
978,21,200,200,38,
979,200,200,200,200,
980,139,167,200,67,
981,56,98,200,200,
982,37,20,200,200,
983,22,193,200,200,
984,67,147,200,200,
985,47,63,200,200,
986,15,138,200,200,
987,41,16,200,200,
988,14,12,200,200,
989,56,29,200,200,
990,102,30,200,200,
991,79,17,200,200,
992,25,46,200,200,
993,107,27,200,200,
994,103,10,200,200,
995,46,25,200,200,
996,31,200,200,200,
997,12,78,25,200,
998,11,117,200,200,
999,200,24,14,200,
1000,200,114,11,200,
1001,200,200,86,200,
1002,200,112,29,81,
1003,47,153,12,54,
1004,200,11,22,200,
1005,23,78,21,76,
1006,200,33,10,200,
1007,200,57,131,127,
1008,200,135,48,121,
1009,200,200,117,70,
1010,200,200,82,143,
1011,200,200,56,53,
1012,200,200,200,58,
1013,200,200,200,20,
1014,200,200,200,17,
1015,200,200,65,200,
1016,200,200,200,36,
1017,200,200,200,53,
1018,200,200,200,37,
1019,200,200,200,16,
1020,200,200,200,14,
1021,200,200,200,14,
1022,200,200,200,10,
1023,200,200,200,200,
1024,200,200,200,200,
1025,200,200,200,74,
1026,200,200,200,12,
1027,200,200,200,45,
1028,200,200,200,200,
1029,200,200,200,72,
1030,200,200,200,72,
1031,200,200,200,50,
1032,200,200,200,24,
1033,200,200,200,43,
1034,200,200,200,200,
1035,200,200,200,195,
1036,200,200,200,21,
1037,200,200,200,26,
1038,200,200,200,200,
1039,89,200,200,63,
1040,200,200,200,44,
1041,15,200,200,16,
1042,10,200,200,16,
1043,53,200,200,38,
1044,60,200,200,96,
1045,22,200,200,121,
1046,77,200,47,36,
1047,200,200,30,70,
1048,200,42,200,56,
1049,116,183,127,82,
1050,74,48,26,38,
1051,171,200,200,99,
1052,90,200,200,89,
1053,15,200,44,152,
1054,31,200,200,25,
1055,53,200,92,24,
1056,14,200,74,72,
1057,12,200,200,33,
1058,39,200,200,79,
1059,24,200,75,200,
1060,26,200,22,20,
1061,76,200,15,69,
1062,200,200,64,14,
1063,200,200,30,15,
1064,200,200,118,99,
1065,21,200,44,75,
1066,200,200,200,200,
1067,200,200,17,200,
1068,200,200,200,200,
1069,200,200,101,64,
1070,200,200,128,47,
1071,200,200,40,144,
1072,200,200,159,200,
1073,200,200,200,200,
1074,200,200,160,200,
1075,200,200,157,29,
1076,200,200,200,200,
1077,200,200,170,200,
1078,200,200,200,200,
1079,200,200,182,200,
1080,200,200,15,200,
1081,200,200,19,200,
1082,39,200,28,200,
1083,50,200,86,200,
1084,200,200,41,200,
1085,200,200,38,200,
1086,46,200,200,200,
1087,200,200,200,200,
1088,77,200,134,200,
1089,34,200,200,200,
1090,200,200,200,200,
1091,32,200,200,200,
1092,200,200,200,200,
1093,147,200,200,200,
1094,31,200,200,200,
1095,28,200,200,200,
1096,25,200,200,200,
1097,20,200,200,200,
1098,94,200,200,200,
1099,200,200,200,200,
1100,14,200,200,200,
1101,200,200,200,200,
1102,200,200,200,36,
1103,64,200,200,55,
1104,26,200,200,200,
1105,12,200,200,85,
1106,200,200,200,66,
1107,12,200,188,25,
1108,51,200,81,200,
1109,200,200,200,14,
1110,56,200,200,95,
1111,43,200,200,29,
1112,15,200,75,200,
1113,21,200,82,200,
1114,102,200,200,160,
1115,200,200,200,200,
1116,200,200,12,60,
1117,200,200,81,30,
1118,200,200,132,102,
1119,200,200,73,101,
1120,200,200,56,72,
1121,200,200,19,200,
1122,200,200,28,35,
1123,200,200,57,83,
1124,200,200,92,172,
1125,200,200,10,99,
1126,200,200,200,106,
1127,200,200,200,200,
1128,200,200,200,53,
1129,200,200,200,200,
1130,200,200,200,189,
1131,115,200,200,200,
1132,80,200,200,200,
1133,19,200,200,200,
1134,10,200,200,200,
1135,34,200,200,64,
1136,12,200,200,57,
1137,200,200,200,10,
1138,30,200,200,41,
1139,26,200,200,26,
1140,200,200,200,190,
1141,98,200,200,178,
1142,39,200,200,44,
1143,200,200,200,48,
1144,200,200,200,200,
1145,190,200,200,20,
1146,84,200,200,37,
1147,200,200,200,26,
1148,200,200,200,34,
1149,200,200,200,12,
1150,200,200,200,24,
1151,200,200,200,38,
1152,200,200,200,10,
1153,200,200,200,14,
1154,200,200,200,12,
1155,200,200,200,40,
1156,200,200,200,41,
1157,200,200,200,13,
1158,200,200,200,33,
1159,169,200,200,91,
1160,21,200,200,25,
1161,200,200,200,46,
1162,35,200,200,148,
1163,200,200,200,200,
1164,58,200,200,200,
1165,37,200,200,200,
1166,21,200,200,200,
1167,25,200,200,200,
1168,67,200,200,200,
1169,38,200,200,200,
1170,181,200,200,200,
1171,63,200,200,200,
1172,88,200,200,200,
1173,200,200,200,200,
1174,58,200,200,200,
1175,44,200,200,200,
1176,42,200,200,200,
1177,200,200,200,200,
1178,200,200,200,200,
1179,200,200,176,200,
1180,200,32,43,200,
1181,200,200,15,200,
1182,200,200,31,200,
1183,200,109,73,200,
1184,200,113,28,200,
1185,200,95,19,167,
1186,200,33,28,166,
1187,26,104,43,142,
1188,200,14,28,101,
1189,79,136,91,61,
1190,200,36,129,34,
1191,90,89,190,136,
1192,25,200,12,84,
1193,200,63,17,20,
1194,75,63,108,200,
1195,200,108,57,50,
1196,30,126,32,75,
1197,200,200,23,130,
1198,133,200,26,12,
1199,200,200,40,29,
1200,200,200,50,158,
1201,200,200,42,42,
1202,200,200,114,200,
1203,200,200,42,200,
1204,200,200,10,200,
1205,29,200,200,200,
1206,200,200,58,200,
1207,40,200,106,19,
1208,200,200,161,200,
1209,200,200,98,200,
1210,200,200,45,200,
1211,200,200,117,200,
1212,200,200,67,200,
1213,200,200,33,200,
1214,200,200,200,200,
1215,200,97,200,200,
1216,200,96,200,200,
1217,200,34,107,200,
1218,200,44,84,200,
1219,200,39,29,200,
1220,200,135,200,65,
1221,200,62,200,18,
1222,200,97,200,58,
1223,200,79,33,153,
1224,200,21,200,200,
1225,200,200,200,124,
1226,200,200,200,200,
1227,200,107,200,200,
1228,200,118,200,200,
1229,200,28,200,200,
1230,200,46,200,200,
1231,200,162,200,200,
1232,200,200,200,200,
1233,200,200,200,200,
1234,200,200,200,200,
1235,200,200,200,200,
1236,200,29,200,200,
1237,200,41,200,200,
1238,200,70,200,200,
1239,200,200,192,200,
1240,200,200,84,200,
1241,200,200,38,200,
1242,200,200,16,200,
1243,200,200,15,200,
1244,200,200,134,200,
1245,200,200,36,200,
1246,45,200,25,200,
1247,200,200,55,200,
1248,200,200,125,200,
1249,200,200,22,200,
1250,200,59,26,200,
1251,200,170,17,200,
1252,200,200,10,200,
1253,200,200,44,200,
1254,200,200,41,200,
1255,200,200,23,200,
1256,200,200,21,200,
1257,200,200,49,200,
1258,200,200,94,200,
1259,200,200,134,200,
1260,200,200,75,200,
1261,200,200,21,200,
1262,200,200,185,200,
1263,200,200,21,200,
1264,200,200,21,200,
1265,200,200,11,200,
1266,200,200,47,200,
1267,200,200,200,200,
1268,200,200,81,200,
1269,200,200,200,200,
1270,200,200,200,200,
1271,200,200,200,200,
1272,200,200,200,200,
1273,200,200,200,200,
1274,200,200,200,200,
1275,200,200,200,200,
1276,200,200,200,200,
1277,200,200,200,200,
1278,200,200,200,200,
1279,200,200,200,200,
1280,200,91,200,200,
1281,200,79,200,200,
1282,200,190,200,200,
1283,32,133,200,200,
1284,41,48,200,200,
1285,90,65,200,200,
1286,40,88,200,200,
1287,15,200,200,200,
1288,92,18,200,200,
1289,134,200,200,200,
1290,52,58,200,200,
1291,200,65,200,200,
1292,29,21,200,200,
1293,68,29,200,200,
1294,200,46,200,200,
1295,200,30,200,200,
1296,200,149,200,200,
1297,200,23,200,200,
1298,75,27,200,200,
1299,200,77,200,200,
1300,200,128,200,200,
1301,51,155,200,200,
1302,200,10,200,200,
1303,200,13,200,200,
1304,68,16,200,200,
1305,200,171,200,200,
1306,98,200,200,200,
1307,24,200,200,200,
1308,79,200,200,200,
1309,200,200,200,200,
1310,200,32,200,200,
1311,47,200,200,200,
1312,200,200,200,200,
1313,200,200,200,200,
1314,45,200,200,200,
1315,26,200,200,200,
1316,81,200,200,200,
1317,200,200,200,200,
1318,44,200,200,200,
1319,59,200,200,200,
1320,12,200,200,200,
1321,15,200,200,200,
1322,200,200,200,200,
1323,57,200,200,200,
1324,200,200,200,200,
1325,200,200,200,200,
1326,200,200,200,200,
1327,73,200,200,200,
1328,17,200,200,200,
1329,10,200,200,200,
1330,62,200,200,200,
1331,22,200,200,200,
1332,200,200,200,200,
1333,200,200,200,200,
1334,181,200,200,200,
1335,49,200,200,200,
1336,85,200,200,200,
1337,31,200,200,200,
1338,160,200,200,200,
1339,22,200,200,200,
1340,26,200,200,200,
1341,200,200,200,200,
1342,62,200,200,45,
1343,200,200,200,36,
1344,200,200,200,56,
1345,200,200,77,43,
1346,200,200,15,200,
1347,200,200,200,124,
1348,200,200,67,33,
1349,200,200,30,21,
1350,200,200,68,32,
1351,200,200,94,35,
1352,200,200,35,120,
1353,200,200,92,12,
1354,200,200,54,21,
1355,200,200,92,11,
1356,200,200,63,102,
1357,200,200,91,55,
1358,200,200,200,29,
1359,200,200,200,163,
1360,200,200,200,87,
1361,200,200,200,39,
1362,200,200,200,99,
1363,200,200,200,47,
1364,200,200,200,64,
1365,200,200,110,24,
1366,200,200,200,17,
1367,200,200,200,25,
1368,200,200,200,26,
1369,200,200,200,41,
1370,200,200,200,57,
1371,200,200,200,19,
1372,200,200,200,200,
1373,200,200,200,200,
1374,200,200,200,200,
1375,200,200,26,200,
1376,200,200,200,69,
1377,200,200,200,27,
1378,200,200,200,92,
1379,200,200,200,192,
1380,200,200,200,25,
1381,200,200,200,64,
1382,200,200,200,165,
1383,200,200,200,69,
1384,200,200,200,19,
1385,200,200,200,30,
1386,200,200,200,30,
1387,200,200,200,50,
1388,200,200,200,200,
1389,200,200,200,78,
1390,200,200,200,200,
1391,200,200,200,131,
1392,200,200,200,29,
1393,200,200,122,49,
1394,200,200,200,200,
1395,200,200,200,121,
1396,200,200,200,200,
1397,200,200,200,200,
1398,200,200,200,200,
1399,200,200,200,200,
1400,200,200,200,200,
1401,200,200,200,200,
1402,200,200,200,200,
1403,200,200,200,200,
1404,200,200,200,200,
1405,200,200,200,200,
1406,200,200,200,120,
1407,200,200,200,200,
1408,200,200,200,200,
1409,200,200,200,200,
1410,200,200,200,200,
1411,200,200,200,200,
1412,200,200,200,200,
1413,200,200,200,200,
1414,200,200,200,200,
1415,200,200,200,200,
1416,200,200,200,200,
1417,200,200,200,200,
1418,200,200,200,200,
1419,200,200,200,200,
1420,200,200,200,200,
1421,200,200,200,200,
1422,200,200,200,200,
1423,200,200,200,200,
1424,200,200,200,200,
1425,200,200,200,200,
1426,200,200,200,200,
1427,200,200,200,200,
1428,200,200,200,200,
1429,200,200,200,200,
1430,200,200,200,200,
1431,200,200,200,200,
1432,200,200,200,200,
1433,200,200,200,200,
1434,200,200,200,200,
1435,200,200,200,200,
1436,200,183,200,200,
1437,200,72,200,200,
1438,200,26,200,200,
1439,200,71,200,200,
1440,200,44,200,200,
1441,200,72,200,200,
1442,200,14,200,200,
1443,200,59,200,200,
1444,200,22,200,200,
1445,200,32,200,200,
1446,200,120,200,200,
1447,200,18,200,200,
1448,200,101,200,200,
1449,200,24,200,200,
1450,200,64,200,200,
1451,200,110,101,200,
1452,200,88,200,200,
1453,200,63,200,200,
1454,200,103,200,200,
1455,200,200,200,200,
1456,200,200,200,200,
1457,200,200,200,200,
1458,200,200,200,200,
1459,200,200,200,200,
1460,200,200,200,200,
1461,200,200,200,200,
1462,200,200,200,200,
1463,200,200,200,200,
1464,200,200,200,200,
1465,200,200,200,200,
1466,200,200,200,200,
1467,200,200,200,200,
1468,200,200,200,200,
1469,200,200,200,200,
1470,200,200,200,200,
1471,200,200,200,200,
1472,200,200,200,200,
1473,200,200,200,200,
1474,200,200,200,200,
1475,200,49,200,200,
1476,200,181,200,200,
1477,200,195,200,200,
1478,200,200,200,200,
1479,200,200,200,200,
1480,200,102,200,200,
1481,200,90,200,200,
1482,200,36,200,200,
1483,200,71,200,200,
1484,200,11,200,200,
1485,200,82,200,200,
1486,200,200,200,200,
1487,200,200,200,200,
1488,200,48,200,200,
1489,200,79,200,200,
1490,200,149,200,200,
1491,200,30,200,200,
1492,200,26,200,200,
1493,200,199,200,200,
1494,200,77,200,200,
1495,200,11,200,200,
1496,200,47,200,200,
1497,200,29,200,200,
1498,200,71,200,200,
1499,200,158,200,200,
1500,200,117,200,200,
1501,200,200,200,200,
1502,200,200,200,200,
1503,200,80,200,200,
1504,200,200,200,200,
1505,200,200,200,200,
1506,200,200,200,200,
1507,200,200,200,200,
1508,200,200,200,200,
1509,200,200,200,200,
1510,200,200,200,200,
1511,200,200,200,200,
1512,200,200,200,200,
1513,200,200,200,200,
1514,200,200,200,200,
1515,200,200,200,200,
1516,200,200,200,200,
1517,200,200,200,200,
1518,200,200,200,200,
1519,200,200,200,200,
1520,200,200,200,200,
1521,200,200,200,54,
1522,200,200,200,200,
1523,200,200,200,200,
1524,200,200,200,200,
1525,200,200,200,200,
1526,200,200,200,200,
1527,200,200,186,200,
1528,200,200,200,200,
1529,200,200,200,200,
1530,200,200,200,200,
1531,200,200,200,200,
1532,200,200,200,200,
1533,200,200,200,200,
1534,200,200,200,200,
1535,200,200,200,200,
1536,200,200,200,200,
1537,185,200,200,200,
1538,200,200,200,200,
1539,81,200,200,200,
1540,200,200,200,200,
1541,52,200,200,200,
1542,33,200,200,200,
1543,14,200,200,200,
1544,12,200,200,200,
1545,98,200,200,200,
1546,200,200,200,200,
1547,28,200,200,200,
1548,200,200,200,200,
1549,144,200,200,200,
1550,55,200,200,200,
1551,21,200,200,200,
1552,193,200,200,200,
1553,200,200,200,200,
1554,102,200,200,200,
1555,45,200,200,200,
1556,200,200,200,200,
1557,200,200,200,200,
1558,62,200,200,200,
1559,75,200,200,200,
1560,25,200,200,200,
1561,142,200,200,200,
1562,38,200,200,200,
1563,95,200,200,200,
1564,200,200,81,200,
1565,32,200,11,200,
1566,200,200,46,200,
1567,197,200,200,200,
1568,200,200,26,200,
1569,54,200,200,200,
1570,123,200,200,200,
1571,192,200,200,200,
1572,200,200,200,200,
1573,179,200,200,200,
1574,16,200,200,200,
1575,11,200,200,200,
1576,200,200,200,200,
1577,200,200,200,200,
1578,200,200,200,200,
1579,200,200,22,200,
1580,187,200,21,200,
1581,11,200,200,200,
1582,48,200,200,200,
1583,75,200,200,200,
1584,200,200,200,200,
1585,200,200,200,200,
1586,200,200,200,200,
1587,200,200,200,200,
1588,200,200,200,200,
1589,200,200,165,200,
1590,200,200,200,200,
1591,200,200,200,200,
1592,200,200,200,200,
1593,200,200,200,200,
1594,114,200,200,200,
1595,200,200,200,200,
1596,200,200,200,200,
1597,200,200,200,200,
1598,200,200,200,200,
1599,200,200,200,200,
1600,200,200,200,200,
1601,200,200,200,200,
1602,200,200,200,200,
1603,200,200,200,200,
1604,200,200,200,200,
1605,75,200,200,200,
1606,14,200,200,200,
1607,83,200,200,200,
1608,52,200,200,200,
1609,200,200,200,200,
1610,54,200,118,200,
1611,69,200,200,200,
1612,142,200,200,200,
1613,200,200,200,200,
1614,200,200,200,200,
1615,200,200,200,200,
1616,200,200,200,200,
1617,200,200,200,200,
1618,200,200,200,200,
1619,200,200,200,200,
1620,200,200,200,200,
1621,200,200,200,200,
1622,200,200,200,200,
1623,200,200,200,200,
1624,200,200,200,200,
1625,200,200,200,200,
1626,200,200,200,200,
1627,200,200,200,200,
1628,200,200,200,200,
1629,200,200,200,200,
1630,200,200,200,200,
1631,200,200,200,200,
1632,200,200,200,200,
1633,200,200,200,200,
1634,200,200,200,200,
1635,200,200,200,200,
1636,200,200,200,200,
1637,200,200,200,200,
1638,200,200,200,200,
1639,200,200,200,200,
1640,200,200,200,200,
1641,200,200,200,200,
1642,200,200,200,200,
1643,200,200,200,200,
1644,200,200,200,200,
1645,200,200,200,200,
1646,200,200,200,200,
1647,200,200,200,200,
1648,200,200,200,200,
1649,200,200,200,200,
1650,200,200,200,200,
1651,200,200,200,200,
1652,200,200,200,200,
1653,200,200,200,200,
1654,200,200,200,200,
1655,200,200,200,200,
1656,200,200,200,200,
1657,200,200,200,200,
1658,200,200,200,200,
1659,200,200,200,200,
1660,200,200,200,200,
1661,200,200,200,200,
1662,200,200,200,200,
1663,200,200,200,200,
1664,200,200,200,200,
1665,200,200,200,200,
1666,200,200,200,200,
1667,200,200,200,200,
1668,200,200,200,200,
1669,200,200,200,200,
1670,200,200,200,200,
1671,200,200,200,200,
1672,200,200,200,200,
1673,200,200,200,200,
1674,200,200,200,200,
1675,200,200,200,200,
1676,200,200,200,200,
1677,200,200,200,200,
1678,200,200,200,200,
1679,200,200,200,200,
1680,200,200,200,200,
1681,200,200,200,200,
1682,200,200,200,200,
1683,200,200,200,200,
1684,200,200,200,200,
1685,200,200,200,200,
1686,200,200,200,200,
1687,200,200,200,200,
1688,200,200,200,200,
1689,200,200,200,200,
1690,200,200,200,200,
1691,200,200,200,200,
1692,200,200,200,200,
1693,200,200,200,200,
1694,200,200,200,200,
1695,200,200,200,200,
1696,200,200,200,200,
1697,200,200,200,200,
1698,200,200,200,200,
1699,200,200,200,200,
1700,200,200,200,200,
1701,200,200,200,200,
1702,200,200,200,200,
1703,200,200,164,200,
1704,200,200,200,200,
1705,200,200,200,200,
1706,200,200,200,200,
1707,200,200,200,200,
1708,200,200,200,200,
1709,200,200,200,200,
1710,200,200,200,200,
1711,200,200,200,200,
1712,200,200,200,200,
1713,200,200,200,200,
1714,200,200,200,200,
1715,200,200,200,200,
1716,200,200,200,200,
1717,200,200,200,200,
1718,200,200,200,200,
1719,200,200,200,200,
1720,200,200,200,200,
1721,200,200,200,200,
1722,200,200,200,200,
1723,200,200,200,200,
1724,200,200,200,200,
1725,200,200,200,200,
1726,200,200,200,200,
1727,200,200,200,200,
1728,200,200,200,200,
1729,200,200,200,200,
1730,200,200,200,200,
1731,200,200,200,200,
1732,200,200,200,200,
1733,200,200,200,200,
1734,200,200,200,200,
1735,200,200,200,200,
1736,200,200,200,200,
1737,200,200,200,200,
1738,200,200,200,200,
1739,200,200,200,200,
1740,200,200,200,200,
1741,200,200,200,200,
1742,200,200,200,200,
1743,200,200,200,200,
1744,200,200,200,200,
1745,200,200,200,200,
1746,200,200,200,200,
1747,200,200,200,200,
1748,200,200,200,200,
1749,200,200,200,200,
1750,200,200,200,200,
1751,200,200,200,200,
1752,200,200,200,200,
1753,200,200,200,200,
1754,200,200,200,200,
1755,200,200,200,200,
1756,200,200,200,200,
1757,200,200,200,200,
1758,200,200,200,200,
1759,200,200,200,200,
1760,200,200,200,200,
1761,200,200,200,200,
1762,200,200,200,200,
1763,200,200,200,200,
1764,200,200,200,200,
1765,200,200,200,200,
1766,200,200,200,200,
1767,200,200,200,200,
1768,200,200,200,200,
1769,200,200,200,200,
1770,200,200,200,200,
1771,200,200,200,200,
1772,200,200,200,200,
1773,200,200,200,200,
1774,200,200,200,200,
1775,200,200,200,200,
1776,200,200,200,200,
1777,200,200,200,200,
1778,200,200,200,200,
1779,200,200,200,200,
1780,200,200,200,200,
1781,200,200,200,200,
1782,200,200,200,200,
1783,200,200,200,200,
1784,200,200,200,200,
1785,200,200,200,200,
1786,200,200,200,200,
1787,200,200,175,200,
1788,200,200,200,200,
1789,200,200,200,200,
1790,200,200,200,200,
1791,200,200,200,200,
1792,200,200,200,200,
1793,200,200,200,200,
1794,200,200,200,200,
1795,200,200,200,200,
1796,200,200,200,200,
1797,200,200,200,200,
1798,200,200,200,200,
1799,200,200,200,200,
1800,200,200,200,200,
1801,200,200,200,200,
1802,200,200,200,200,
1803,200,200,200,200,
1804,200,200,200,200,
1805,200,200,200,200,
1806,200,200,200,200,
1807,200,200,200,200,
1808,200,200,200,200,
1809,200,200,200,200,
1810,200,200,200,200,
1811,200,200,200,200,
1812,200,200,200,200,
1813,200,200,200,200,
1814,200,200,200,200,
1815,200,200,200,200,
1816,200,200,200,200,
1817,200,200,200,200,
1818,200,200,200,200,
1819,200,200,200,200,
1820,200,200,200,200,
1821,200,200,200,200,
1822,200,200,200,200,
1823,200,200,200,200,
1824,200,200,200,200,
1825,200,200,200,200,
1826,200,200,200,200,
1827,200,200,200,200,
1828,200,200,200,200,
1829,200,200,200,200,
1830,200,200,200,200,
1831,200,200,200,200,
1832,200,200,200,200,
1833,200,200,200,200,
1834,200,200,200,200,
1835,200,200,200,200,
1836,200,200,200,200,
1837,200,200,200,200,
1838,200,200,200,200,
1839,200,200,200,200,
1840,200,200,200,200,
1841,200,200,200,200,
1842,200,200,200,200,
1843,200,200,200,200,
1844,200,200,200,200,
1845,200,200,200,200,
1846,200,200,200,200,
1847,200,200,200,200,
1848,200,200,200,200,
1849,200,200,200,200,
1850,200,200,200,200,
1851,200,200,200,200,
1852,200,200,200,200,
1853,200,200,200,200,
1854,200,200,200,200,
1855,200,200,200,200,
1856,200,200,200,200,
1857,200,200,200,200,
1858,200,200,200,200,
1859,200,200,200,200,
1860,200,200,200,200,
1861,200,200,200,200,
1862,200,200,200,200,
1863,200,200,200,200,
1864,200,200,200,200,
1865,200,200,200,200,
1866,200,200,200,200,
1867,200,200,200,200,
1868,200,200,200,200,
1869,200,200,200,200,
1870,200,200,200,200,
1871,200,200,200,200,
1872,200,200,200,200,
1873,200,200,200,200,
1874,200,200,200,200,
1875,200,200,200,200,
1876,200,200,200,200,
1877,200,200,200,200,
1878,200,200,200,200,
1879,200,200,200,200,
1880,200,200,200,200,
1881,200,200,200,200,
1882,200,200,200,200,
1883,200,200,200,200,
1884,200,200,200,200,
1885,200,200,200,200,
1886,200,200,200,200,
1887,200,200,200,200,
1888,200,200,200,200,
1889,200,200,200,200,
1890,200,200,200,200,
1891,200,200,200,200,
1892,200,200,200,200,
1893,200,200,200,200,
1894,200,200,200,200,
1895,200,200,200,200,
1896,200,200,200,200,
1897,200,200,200,200,
1898,200,200,200,200,
1899,200,200,200,200,
1900,200,200,200,200,
1901,200,200,200,200,
1902,200,200,200,200,
1903,200,200,200,200,
1904,200,200,200,200,
1905,200,200,200,200,
1906,200,200,200,200,
1907,200,200,200,200,
1908,200,200,200,200,
1909,200,200,200,200,
1910,200,200,200,200,
1911,200,200,200,200,
1912,200,200,200,200,
1913,200,200,200,200,
1914,200,200,200,200,
1915,200,200,200,200,
1916,200,200,200,200,
1917,200,200,200,200,
1918,200,200,200,200,
1919,200,200,200,200,
1920,200,200,200,200,
1921,200,200,200,200,
1922,200,200,200,200,
1923,200,200,200,200,
1924,200,200,200,200,
1925,200,200,200,200,
1926,200,200,200,200,
1927,200,200,33,200,
1928,200,200,79,200,
1929,200,200,30,200,
1930,200,200,120,200,
1931,200,200,12,200,
1932,200,200,25,200,
1933,200,200,24,200,
1934,200,200,14,200,
1935,200,200,12,200,
1936,200,200,51,200,
1937,200,200,71,200,
1938,200,200,45,200,
1939,200,200,19,200,
1940,200,200,14,200,
1941,200,200,57,200,
1942,200,200,199,200,
1943,200,200,200,200,
1944,200,200,200,200,
1945,200,200,200,200,
1946,200,200,200,200,
1947,200,200,57,200,
1948,200,200,17,200,
1949,200,200,200,200,
1950,200,200,80,200,
1951,200,200,70,200,
1952,200,200,200,200,
1953,200,200,84,200,
1954,200,200,200,200,
1955,200,200,200,200,
1956,200,200,200,200,
1957,200,200,30,200,
1958,200,200,200,200,
1959,200,200,200,200,
1960,200,200,200,200,
1961,200,200,200,200,
1962,200,200,200,200,
1963,200,200,200,200,
1964,200,200,200,200,
1965,200,200,51,200,
1966,200,200,200,200,
1967,200,200,101,200,
1968,200,200,15,200,
1969,200,200,200,200,
1970,200,200,200,200,
1971,200,200,200,200,
1972,200,200,200,200,
1973,200,200,200,200,
1974,200,200,200,200,
1975,200,200,200,200,
1976,200,200,200,200,
1977,200,200,200,200,
1978,200,200,200,200,
1979,200,200,200,200,
1980,200,200,200,200,
1981,200,200,200,200,
1982,200,200,200,200,
1983,200,200,200,200,
1984,200,200,200,200,
1985,200,200,200,200,
1986,200,200,200,200,
1987,200,200,200,200,
1988,200,200,200,200,
1989,200,200,200,200,
1990,200,200,200,200,
1991,200,200,200,200,
1992,200,200,200,200,
1993,200,200,200,200,
1994,200,200,200,200,
1995,200,200,200,200,
1996,200,200,200,200,
1997,200,200,200,200,
1998,200,200,200,200,
1999,200,200,200,200,
2000,200,200,200,200,
2001,200,200,200,200,
2002,200,150,200,200,
2003,200,143,200,200,
2004,200,200,200,200,
2005,200,151,200,200,
2006,200,89,200,200,
2007,200,21,200,200,
2008,200,14,200,200,
2009,200,33,200,200,
2010,200,43,200,200,
2011,200,200,200,200,
2012,200,200,200,200,
2013,200,200,200,200,
2014,200,200,200,200,
2015,200,144,200,200,
2016,200,193,200,200,
2017,200,35,200,200,
2018,200,36,200,200,
2019,200,41,200,200,
2020,200,29,200,200,
2021,200,46,200,200,
2022,200,33,200,200,
2023,200,13,200,200,
2024,200,16,200,200,
2025,200,13,200,200,
2026,200,37,200,200,
2027,200,38,200,200,
2028,200,98,200,200,
2029,200,161,200,200,
2030,200,200,200,200,
2031,200,200,200,200,
2032,200,200,200,200,
2033,200,200,200,200,
2034,200,200,200,200,
2035,200,60,200,200,
2036,200,200,200,200,
2037,200,200,200,200,
2038,200,200,200,200,
2039,200,200,200,200,
2040,200,200,200,200,
2041,200,200,200,200,
2042,200,200,200,200,
2043,200,200,200,200,
2044,200,200,200,200,
2045,200,200,200,200,
2046,200,200,200,200,
2047,200,200,200,200,
2048,200,200,200,200,
2049,200,200,200,200,
2050,200,200,200,200,
2051,200,200,200,200,
2052,200,200,200,200,
2053,200,200,200,200,
2054,200,200,200,200,
2055,200,200,200,200,
2056,200,200,200,200,
2057,200,200,200,200,
2058,200,200,200,200,
2059,200,200,200,200,
2060,200,200,200,200,
2061,200,200,200,200,
2062,200,200,200,200,
2063,200,200,200,200,
2064,200,200,200,200,
2065,200,200,200,200,
2066,200,200,200,200,
2067,200,200,200,200,
2068,200,200,200,200,
2069,200,200,200,200,
2070,200,200,200,200,
2071,200,200,200,200,
2072,200,200,200,200,
2073,200,200,200,200,
2074,200,200,200,200,
2075,200,200,200,200,
2076,200,200,200,200,
2077,200,200,200,200,
2078,200,200,200,200,
2079,200,200,200,200,
2080,200,200,200,200,
2081,200,200,200,200,
2082,200,200,200,200,
2083,200,200,200,200,
2084,200,200,200,200,
2085,200,200,200,200,
2086,200,200,200,200,
2087,200,200,200,200,
2088,200,200,200,200,
2089,200,200,200,200,
2090,200,200,200,200,
2091,200,200,200,200,
2092,200,200,200,200,
2093,200,200,200,200,
2094,200,200,200,200,
2095,200,200,200,200,
2096,200,200,200,200,
2097,200,200,200,200,
2098,200,200,200,200,
2099,200,200,200,200,
2100,200,200,200,200,
2101,200,200,200,200,
2102,200,200,200,200,
2103,200,200,200,200,
2104,200,200,200,200,
2105,200,200,200,200,
2106,200,200,200,200,
2107,200,200,200,200,
2108,200,200,200,200,
2109,200,200,200,200,
2110,200,200,200,200,
2111,200,200,200,200,
2112,200,200,200,200,
2113,200,200,200,200,
2114,200,200,200,200,
2115,200,200,200,200,
2116,200,200,200,200,
2117,200,200,200,200,
2118,200,200,200,200,
2119,200,200,200,200,
2120,200,200,200,200,
2121,200,200,200,200,
2122,200,200,200,200,
2123,200,200,200,200,
2124,200,200,200,200,
2125,200,200,200,200,
2126,200,200,200,200,
2127,200,200,200,200,
2128,200,200,200,200,
2129,200,200,200,200,
2130,200,200,200,200,
2131,200,200,200,200,
2132,200,200,200,200,
2133,200,200,200,200,
2134,200,200,200,200,
2135,200,200,200,200,
2136,200,200,40,200,
2137,200,200,151,200,
2138,200,200,200,200,
2139,200,200,200,200,
2140,200,200,22,200,
2141,200,200,101,200,
2142,200,200,27,200,
2143,200,200,59,200,
2144,200,200,44,200,
2145,200,200,54,200,
2146,200,200,32,200,
2147,200,200,75,200,
2148,200,200,59,200,
2149,200,200,81,200,
2150,200,200,200,200,
2151,200,200,200,200,
2152,200,200,200,200,
2153,200,200,200,200,
2154,200,200,200,200,
2155,200,200,200,200,
2156,200,200,200,200,
2157,200,200,200,200,
2158,200,200,200,200,
2159,200,200,200,200,
2160,200,200,200,200,
2161,200,200,200,200,
2162,200,200,200,200,
2163,200,200,200,200,
2164,200,200,200,200,
2165,200,200,200,200,
2166,200,200,200,200,
2167,200,200,200,200,
2168,200,200,200,200,
2169,200,200,200,200,
2170,200,200,200,200,
2171,200,200,200,200,
2172,200,200,200,200,
2173,200,200,200,200,
2174,200,200,200,200,
2175,200,200,200,200,
2176,200,200,200,200,
2177,200,200,200,200,
2178,200,200,200,200,
2179,200,200,200,200,
2180,200,200,200,200,
2181,200,200,200,200,
2182,200,200,200,200,
2183,200,200,200,200,
2184,200,200,200,200,
2185,200,200,200,200,
2186,200,200,200,200,
2187,200,200,200,200,
2188,200,200,200,200,
2189,200,200,200,200,
2190,200,200,200,200,
2191,200,200,200,200,
2192,200,200,200,200,
2193,200,200,200,200,
2194,200,200,200,200,
2195,200,200,200,200,
2196,200,200,200,200,
2197,200,200,200,200,
2198,200,200,200,200,
2199,200,200,200,200,
2200,200,200,200,200,
2201,200,200,200,200,
2202,200,200,200,200,
2203,200,200,200,200,
2204,200,200,200,200,
2205,200,200,200,200,
2206,200,200,200,200,
2207,200,200,200,200,
2208,200,200,200,200,
2209,200,200,200,200,
2210,200,200,200,200,
2211,200,200,200,200,
2212,200,200,200,200,
2213,200,200,200,200,
2214,200,200,200,200,
2215,200,200,200,200,
2216,200,200,200,200,
2217,200,200,200,200,
2218,200,200,200,200,
2219,200,200,200,200,
2220,200,200,200,200,
2221,200,200,200,200,
2222,200,200,200,200,
2223,200,200,200,200,
2224,200,200,200,200,
2225,200,200,200,200,
2226,200,200,200,200,
2227,200,200,200,200,
2228,200,200,200,200,
2229,200,200,200,200,
2230,200,200,200,200,
2231,200,200,200,200,
2232,200,200,200,200,
2233,200,200,200,200,
2234,200,200,200,200,
2235,200,200,200,200,
2236,200,200,200,200,
2237,200,200,200,200,
2238,200,200,200,200,
2239,200,200,200,200,
2240,200,200,200,200,
2241,200,200,200,200,
2242,200,200,200,200,
2243,200,200,200,200,
2244,200,200,200,200,
2245,200,200,200,200,
2246,200,200,200,200,
2247,200,200,200,200,
2248,200,200,200,200,
2249,200,200,200,200,
2250,70,200,200,200,
2251,200,200,200,200,
2252,200,200,200,200,
2253,200,200,200,200,
2254,200,200,200,200,
2255,200,200,200,200,
2256,200,200,200,200,
2257,200,200,200,200,
2258,200,200,200,200,
2259,200,200,200,200,
2260,200,200,200,200,
2261,200,200,200,200,
2262,200,200,200,200,
2263,200,200,200,200,
2264,200,200,200,200,
2265,200,200,200,200,
2266,200,200,200,200,
2267,200,200,200,200,
2268,200,200,200,200,
2269,200,200,200,200,
2270,200,200,200,200,
2271,200,200,200,200,
2272,200,200,200,200,
2273,200,200,200,200,
2274,200,200,200,200,
2275,200,200,200,200,
2276,200,200,200,200,
2277,200,200,200,200,
2278,200,200,200,200,
2279,200,200,200,200,
2280,200,200,200,200,
2281,200,200,200,200,
2282,200,200,200,200,
2283,200,200,200,200,
2284,200,200,200,200,
2285,200,200,200,200,
2286,200,200,200,200,
2287,200,200,200,200,
2288,200,200,200,200,
2289,200,200,200,200,
2290,200,200,200,200,
2291,200,200,200,200,
2292,200,200,200,200,
2293,200,200,200,200,
2294,200,200,200,200,
2295,200,200,200,200,
2296,200,200,200,200,
2297,200,200,200,200,
2298,200,200,200,200,
2299,200,200,200,200,
2300,200,200,200,200,
2301,200,200,200,200,
2302,200,200,200,200,
2303,200,200,200,200,
2304,200,200,200,200,
2305,200,200,200,200,
2306,200,200,200,200,
2307,200,200,200,200,
2308,200,200,200,200,
2309,200,200,200,200,
2310,200,200,200,200,
2311,200,200,200,200,
2312,200,200,200,200,
2313,200,200,200,200,
2314,200,200,200,200,
2315,200,200,200,200,
2316,200,200,200,200,
2317,200,200,200,200,
2318,200,200,200,200,
2319,200,200,200,200,
2320,200,200,200,200,
2321,200,200,200,200,
2322,200,200,200,200,
2323,200,200,200,200,
2324,200,200,200,200,
2325,200,200,200,200,
2326,200,200,200,200,
2327,200,200,200,200,
2328,200,200,200,200,
2329,200,200,200,200,
2330,200,200,200,200,
2331,200,200,200,200,
2332,200,200,200,200,
2333,200,200,200,200,
2334,200,200,200,200,
2335,200,200,200,200,
2336,200,200,200,200,
2337,200,200,200,200,
2338,200,200,200,200,
2339,200,200,200,200,
2340,200,200,200,200,
2341,200,200,200,200,
2342,200,200,200,200,
2343,200,200,200,200,
2344,200,200,200,200,
2345,200,200,200,200,
2346,200,200,200,200,
2347,200,200,200,200,
2348,200,200,200,200,
2349,200,200,200,200,
2350,200,200,200,200,
2351,200,200,200,200,
2352,200,200,200,200,
2353,200,200,200,200,
2354,200,200,200,200,
2355,200,200,200,200,
2356,200,200,200,200,
2357,200,200,200,200,
2358,200,200,200,200,
2359,200,200,200,200,
2360,200,200,200,200,
2361,200,200,200,200,
2362,200,200,200,200,
2363,200,200,200,200,
2364,200,200,200,200,
2365,200,200,200,200,
2366,200,200,200,200,
2367,200,200,200,200,
2368,200,200,200,200,
2369,200,200,200,200,
2370,200,200,200,200,
2371,200,200,200,200,
2372,200,200,200,200,
2373,200,200,200,200,
2374,200,200,200,200,
2375,200,200,200,200,
2376,200,200,200,200,
2377,200,200,200,200,
2378,200,200,200,200,
2379,200,200,200,200,
2380,200,200,200,200,
2381,200,200,200,200,
2382,200,200,200,200,
2383,200,200,200,200,
2384,200,200,200,200,
2385,200,200,200,200,
2386,200,200,200,200,
2387,200,200,200,200,
2388,200,200,200,200,
2389,200,200,200,200,
2390,200,200,200,200,
2391,200,200,200,200,
2392,200,200,200,200,
2393,200,200,200,200,
2394,200,200,200,200,
2395,200,200,200,200,
2396,200,200,200,200,
2397,200,200,200,200,
2398,200,200,200,200,
2399,200,200,200,200,
2400,200,200,200,200,
2401,200,200,200,200,
2402,200,200,200,200,
2403,200,200,200,200,
2404,200,200,200,200,
2405,200,200,200,200,
2406,200,200,200,200,
2407,200,200,200,200,
2408,200,200,200,200,
2409,200,200,200,200,
2410,200,200,200,200,
2411,200,200,200,200,
2412,200,200,200,200,
2413,200,200,200,200,
2414,200,200,200,200,
2415,200,200,200,200,
2416,200,200,200,200,
2417,200,200,200,200,
2418,200,200,200,200,
2419,200,200,200,200,
2420,200,200,200,200,
2421,200,200,200,200,
2422,200,200,200,200,
2423,200,200,200,200,
2424,200,200,200,200,
2425,200,200,200,200,
2426,200,200,200,200,
2427,200,200,200,200,
2428,200,200,200,200,
2429,200,200,200,200,
2430,200,200,200,200,
2431,200,200,200,200,
2432,200,200,200,200,
2433,200,200,200,200,
2434,200,200,200,200,
2435,200,200,200,200,
2436,200,200,200,200,
2437,200,200,200,200,
2438,200,200,200,200,
2439,200,200,200,200,
2440,200,200,200,200,
2441,200,200,200,27,
2442,200,200,200,87,
2443,200,200,200,200,
2444,200,200,200,200,
2445,200,200,200,200,
2446,200,200,200,27,
2447,200,200,200,200,
2448,200,200,200,200,
2449,200,200,200,200,
2450,200,200,200,200,
2451,200,200,200,200,
2452,200,200,200,200,
2453,200,200,200,200,
2454,200,200,200,200,
2455,200,200,200,200,
2456,200,200,200,200,
2457,200,200,200,79,
2458,200,200,200,132,
2459,200,200,200,107,
2460,200,200,200,71,
2461,200,200,200,61,
2462,200,200,200,100,
2463,200,200,200,44,
2464,200,200,200,134,
2465,200,200,200,15,
2466,200,200,200,57,
2467,200,200,200,200,
2468,200,200,200,200,
2469,200,200,200,200,
2470,200,200,200,200,
2471,200,200,200,200,
2472,200,200,200,200,
2473,200,200,200,200,
2474,200,200,200,200,
2475,200,200,200,200,
2476,200,200,200,200,
2477,200,200,200,200,
2478,200,200,200,200,
2479,200,200,200,26,
2480,200,200,200,57,
2481,200,200,200,200,
2482,200,200,200,43,
2483,200,200,200,29,
2484,200,200,200,78,
2485,200,200,200,152,
2486,200,200,200,57,
2487,200,200,200,83,
2488,200,200,200,110,
2489,200,200,200,200,
2490,200,200,200,200,
2491,200,200,200,200,
2492,200,200,200,200,
2493,200,200,200,200,
2494,200,200,200,200,
2495,200,200,200,200,
2496,200,200,200,200,
2497,200,200,200,200,
2498,200,200,200,200,
2499,200,200,200,200,